,Pclass,Sex,Age,Fare,Cabin,Prefix,Q,S,Family
0,3,0,22.0,7.25,0,0,0,1,2
1,1,1,38.0,71.2833,1,2,0,0,2
2,3,1,26.0,7.925,0,1,0,1,1
3,1,1,35.0,53.1,1,2,0,1,2
4,3,0,35.0,8.05,0,0,0,1,1
5,3,0,25.14061971830986,8.4583,0,0,1,0,1
6,1,0,54.0,51.8625,1,0,0,1,1
7,3,0,2.0,21.075,0,0,0,1,5
8,3,1,27.0,11.1333,0,2,0,1,3
9,2,1,14.0,30.0708,0,2,0,0,2
10,3,1,4.0,16.7,1,1,0,1,3
11,1,1,58.0,26.55,1,1,0,1,1
12,3,0,20.0,8.05,0,0,0,1,1
13,3,0,39.0,31.275,0,0,0,1,7
14,3,1,14.0,7.8542,0,1,0,1,1
15,2,1,55.0,16.0,0,2,0,1,1
16,3,0,2.0,29.125,0,0,1,0,6
17,2,0,29.87763005780347,13.0,0,0,0,1,1
18,3,1,31.0,18.0,0,2,0,1,2
19,3,1,25.14061971830986,7.225,0,2,0,0,1
20,2,0,35.0,26.0,0,0,0,1,1
21,2,0,34.0,13.0,1,0,0,1,1
22,3,1,15.0,8.0292,0,1,1,0,1
23,1,0,28.0,35.5,1,0,0,1,1
24,3,1,8.0,21.075,0,1,0,1,5
25,3,1,38.0,31.3875,0,2,0,1,7
26,3,0,25.14061971830986,7.225,0,0,0,0,1
27,1,0,19.0,263.0,1,0,0,1,6
28,3,1,25.14061971830986,7.8792,0,1,1,0,1
29,3,0,25.14061971830986,7.8958,0,0,0,1,1
30,1,0,40.0,27.7208,0,3,0,0,1
31,1,1,38.233440860215055,146.5208,1,2,0,0,2
32,3,1,25.14061971830986,7.75,0,1,1,0,1
33,2,0,66.0,10.5,0,0,0,1,1
34,1,0,28.0,82.1708,0,0,0,0,2
35,1,0,42.0,52.0,0,0,0,1,2
36,3,0,25.14061971830986,7.2292,0,0,0,0,1
37,3,0,21.0,8.05,0,0,0,1,1
38,3,1,18.0,18.0,0,1,0,1,3
39,3,1,14.0,11.2417,0,1,0,0,2
40,3,1,40.0,9.475,0,2,0,1,2
41,2,1,27.0,21.0,0,2,0,1,2
42,3,0,25.14061971830986,7.8958,0,0,0,0,1
43,2,1,3.0,41.5792,0,1,0,0,4
44,3,1,19.0,7.8792,0,1,1,0,1
45,3,0,25.14061971830986,8.05,0,0,0,1,1
46,3,0,25.14061971830986,15.5,0,0,1,0,2
47,3,1,25.14061971830986,7.75,0,1,1,0,1
48,3,0,25.14061971830986,21.6792,0,0,0,0,3
49,3,1,18.0,17.8,0,2,0,1,2
50,3,0,7.0,39.6875,0,0,0,1,6
51,3,0,21.0,7.8,0,0,0,1,1
52,1,1,49.0,76.7292,1,2,0,0,2
53,2,1,29.0,26.0,0,2,0,1,2
54,1,0,65.0,61.9792,1,0,0,0,2
55,1,0,38.233440860215055,35.5,1,0,0,1,1
56,2,1,21.0,10.5,0,1,0,1,1
57,3,0,28.5,7.2292,0,0,0,0,1
58,2,1,5.0,27.75,0,1,0,1,4
59,3,0,11.0,46.9,0,0,0,1,8
60,3,0,22.0,7.2292,0,0,0,0,1
61,1,1,38.0,80.0,1,1,0,0,1
62,1,0,45.0,83.475,1,0,0,1,2
63,3,0,4.0,27.9,0,0,0,1,6
64,1,0,38.233440860215055,27.7208,0,0,0,0,1
65,3,0,25.14061971830986,15.2458,0,0,0,0,3
66,2,1,29.0,10.5,1,2,0,1,1
67,3,0,19.0,8.1583,0,0,0,1,1
68,3,1,17.0,7.925,0,1,0,1,7
69,3,0,26.0,8.6625,0,0,0,1,3
70,2,0,32.0,10.5,0,0,0,1,1
71,3,1,16.0,46.9,0,1,0,1,8
72,2,0,21.0,73.5,0,0,0,1,1
73,3,0,26.0,14.4542,0,0,0,0,2
74,3,0,32.0,56.4958,0,0,0,1,1
75,3,0,25.0,7.65,1,0,0,1,1
76,3,0,25.14061971830986,7.8958,0,0,0,1,1
77,3,0,25.14061971830986,8.05,0,0,0,1,1
78,2,0,0.83,29.0,0,0,0,1,3
79,3,1,30.0,12.475,0,1,0,1,1
80,3,0,22.0,9.0,0,0,0,1,1
81,3,0,29.0,9.5,0,0,0,1,1
82,3,1,25.14061971830986,7.7875,0,1,1,0,1
83,1,0,28.0,47.1,0,0,0,1,1
84,2,1,17.0,10.5,0,1,0,1,1
85,3,1,33.0,15.85,0,2,0,1,4
86,3,0,16.0,34.375,0,0,0,1,5
87,3,0,25.14061971830986,8.05,0,0,0,1,1
88,1,1,23.0,263.0,1,1,0,1,6
89,3,0,24.0,8.05,0,0,0,1,1
90,3,0,29.0,8.05,0,0,0,1,1
91,3,0,20.0,7.8542,0,0,0,1,1
92,1,0,46.0,61.175,1,0,0,1,2
93,3,0,26.0,20.575,0,0,0,1,4
94,3,0,59.0,7.25,0,0,0,1,1
95,3,0,25.14061971830986,8.05,0,0,0,1,1
96,1,0,71.0,34.6542,1,0,0,0,1
97,1,0,23.0,63.3583,1,0,0,0,2
98,2,1,34.0,23.0,0,2,0,1,2
99,2,0,34.0,26.0,0,0,0,1,2
100,3,1,28.0,7.8958,0,1,0,1,1
101,3,0,25.14061971830986,7.8958,0,0,0,1,1
102,1,0,21.0,77.2875,1,0,0,1,2
103,3,0,33.0,8.6542,0,0,0,1,1
104,3,0,37.0,7.925,0,0,0,1,3
105,3,0,28.0,7.8958,0,0,0,1,1
106,3,1,21.0,7.65,0,1,0,1,1
107,3,0,25.14061971830986,7.775,0,0,0,1,1
108,3,0,38.0,7.8958,0,0,0,1,1
109,3,1,25.14061971830986,24.15,0,1,1,0,2
110,1,0,47.0,52.0,1,0,0,1,1
111,3,1,14.5,14.4542,0,1,0,0,2
112,3,0,22.0,8.05,0,0,0,1,1
113,3,1,20.0,9.825,0,1,0,1,2
114,3,1,17.0,14.4583,0,1,0,0,1
115,3,0,21.0,7.925,0,0,0,1,1
116,3,0,70.5,7.75,0,0,1,0,1
117,2,0,29.0,21.0,0,0,0,1,2
118,1,0,24.0,247.5208,1,0,0,0,2
119,3,1,2.0,31.275,0,1,0,1,7
120,2,0,21.0,73.5,0,0,0,1,3
121,3,0,25.14061971830986,8.05,0,0,0,1,1
122,2,0,32.5,30.0708,0,0,0,0,2
123,2,1,32.5,13.0,1,1,0,1,1
124,1,0,54.0,77.2875,1,0,0,1,2
125,3,0,12.0,11.2417,0,0,0,0,2
126,3,0,25.14061971830986,7.75,0,0,1,0,1
127,3,0,24.0,7.1417,0,0,0,1,1
128,3,1,25.14061971830986,22.3583,1,1,0,0,3
129,3,0,45.0,6.975,0,0,0,1,1
130,3,0,33.0,7.8958,0,0,0,0,1
131,3,0,20.0,7.05,0,0,0,1,1
132,3,1,47.0,14.5,0,2,0,1,2
133,2,1,29.0,26.0,0,2,0,1,2
134,2,0,25.0,13.0,0,0,0,1,1
135,2,0,23.0,15.0458,0,0,0,0,1
136,1,1,19.0,26.2833,1,1,0,1,3
137,1,0,37.0,53.1,1,0,0,1,2
138,3,0,16.0,9.2167,0,0,0,1,1
139,1,0,24.0,79.2,1,0,0,0,1
140,3,1,25.14061971830986,15.2458,0,2,0,0,3
141,3,1,22.0,7.75,0,1,0,1,1
142,3,1,24.0,15.85,0,2,0,1,2
143,3,0,19.0,6.75,0,0,1,0,1
144,2,0,18.0,11.5,0,0,0,1,1
145,2,0,19.0,36.75,0,0,0,1,3
146,3,0,27.0,7.7958,0,0,0,1,1
147,3,1,9.0,34.375,0,1,0,1,5
148,2,0,36.5,26.0,1,0,0,1,3
149,2,0,42.0,13.0,0,3,0,1,1
150,2,0,51.0,12.525,0,3,0,1,1
151,1,1,22.0,66.6,1,2,0,1,2
152,3,0,55.5,8.05,0,0,0,1,1
153,3,0,40.5,14.5,0,0,0,1,3
154,3,0,25.14061971830986,7.3125,0,0,0,1,1
155,1,0,51.0,61.3792,0,0,0,0,2
156,3,1,16.0,7.7333,0,1,1,0,1
157,3,0,30.0,8.05,0,0,0,1,1
158,3,0,25.14061971830986,8.6625,0,0,0,1,1
159,3,0,25.14061971830986,69.55,0,0,0,1,11
160,3,0,44.0,16.1,0,0,0,1,2
161,2,1,40.0,15.75,0,2,0,1,1
162,3,0,26.0,7.775,0,0,0,1,1
163,3,0,17.0,8.6625,0,0,0,1,1
164,3,0,1.0,39.6875,0,0,0,1,6
165,3,0,9.0,20.525,0,0,0,1,3
166,1,1,38.233440860215055,55.0,1,2,0,1,2
167,3,1,45.0,27.9,0,2,0,1,6
168,1,0,38.233440860215055,25.925,0,0,0,1,1
169,3,0,28.0,56.4958,0,0,0,1,1
170,1,0,61.0,33.5,1,0,0,1,1
171,3,0,4.0,29.125,0,0,1,0,6
172,3,1,1.0,11.1333,0,1,0,1,3
173,3,0,21.0,7.925,0,0,0,1,1
174,1,0,56.0,30.6958,1,0,0,0,1
175,3,0,18.0,7.8542,0,0,0,1,3
176,3,0,25.14061971830986,25.4667,0,0,0,1,5
177,1,1,50.0,28.7125,1,1,0,0,1
178,2,0,30.0,13.0,0,0,0,1,1
179,3,0,36.0,0.0,0,0,0,1,1
180,3,1,25.14061971830986,69.55,0,1,0,1,11
181,2,0,29.87763005780347,15.05,0,0,0,0,1
182,3,0,9.0,31.3875,0,0,0,1,7
183,2,0,1.0,39.0,1,0,0,1,4
184,3,1,4.0,22.025,0,1,0,1,3
185,1,0,38.233440860215055,50.0,1,0,0,1,1
186,3,1,25.14061971830986,15.5,0,2,1,0,2
187,1,0,45.0,26.55,0,0,0,1,1
188,3,0,40.0,15.5,0,0,1,0,3
189,3,0,36.0,7.8958,0,0,0,1,1
190,2,1,32.0,13.0,0,2,0,1,1
191,2,0,19.0,13.0,0,0,0,1,1
192,3,1,19.0,7.8542,0,1,0,1,2
193,2,0,3.0,26.0,1,0,0,1,3
194,1,1,44.0,27.7208,1,2,0,0,1
195,1,1,58.0,146.5208,1,1,0,0,1
196,3,0,25.14061971830986,7.75,0,0,1,0,1
197,3,0,42.0,8.4042,0,0,0,1,2
198,3,1,25.14061971830986,7.75,0,1,1,0,1
199,2,1,24.0,13.0,0,1,0,1,1
200,3,0,28.0,9.5,0,0,0,1,1
201,3,0,25.14061971830986,69.55,0,0,0,1,11
202,3,0,34.0,6.4958,0,0,0,1,1
203,3,0,45.5,7.225,0,0,0,0,1
204,3,0,18.0,8.05,0,0,0,1,1
205,3,1,2.0,10.4625,1,1,0,1,2
206,3,0,32.0,15.85,0,0,0,1,2
207,3,0,26.0,18.7875,0,0,0,0,1
208,3,1,16.0,7.75,0,1,1,0,1
209,1,0,40.0,31.0,1,0,0,0,1
210,3,0,24.0,7.05,0,0,0,1,1
211,2,1,35.0,21.0,0,1,0,1,1
212,3,0,22.0,7.25,0,0,0,1,1
213,2,0,30.0,13.0,0,0,0,1,1
214,3,0,25.14061971830986,7.75,0,0,1,0,2
215,1,1,31.0,113.275,1,1,0,0,2
216,3,1,27.0,7.925,0,1,0,1,1
217,2,0,42.0,27.0,0,0,0,1,2
218,1,1,32.0,76.2917,1,1,0,0,1
219,2,0,30.0,10.5,0,0,0,1,1
220,3,0,16.0,8.05,0,0,0,1,1
221,2,0,27.0,13.0,0,0,0,1,1
222,3,0,51.0,8.05,0,0,0,1,1
223,3,0,25.14061971830986,7.8958,0,0,0,1,1
224,1,0,38.0,90.0,1,0,0,1,2
225,3,0,22.0,9.35,0,0,0,1,1
226,2,0,19.0,10.5,0,0,0,1,1
227,3,0,20.5,7.25,0,0,0,1,1
228,2,0,18.0,13.0,0,0,0,1,1
229,3,1,25.14061971830986,25.4667,0,1,0,1,5
230,1,1,35.0,83.475,1,2,0,1,2
231,3,0,29.0,7.775,0,0,0,1,1
232,2,0,59.0,13.5,0,0,0,1,1
233,3,1,5.0,31.3875,0,1,0,1,7
234,2,0,24.0,10.5,0,0,0,1,1
235,3,1,25.14061971830986,7.55,0,1,0,1,1
236,2,0,44.0,26.0,0,0,0,1,2
237,2,1,8.0,26.25,0,1,0,1,3
238,2,0,19.0,10.5,0,0,0,1,1
239,2,0,33.0,12.275,0,0,0,1,1
240,3,1,25.14061971830986,14.4542,0,1,0,0,2
241,3,1,25.14061971830986,15.5,0,1,1,0,2
242,2,0,29.0,10.5,0,0,0,1,1
243,3,0,22.0,7.125,0,0,0,1,1
244,3,0,30.0,7.225,0,0,0,0,1
245,1,0,44.0,90.0,1,3,1,0,3
246,3,1,25.0,7.775,0,1,0,1,1
247,2,1,24.0,14.5,0,2,0,1,3
248,1,0,37.0,52.5542,1,0,0,1,3
249,2,0,54.0,26.0,0,3,0,1,2
250,3,0,25.14061971830986,7.25,0,0,0,1,1
251,3,1,29.0,10.4625,1,2,0,1,3
252,1,0,62.0,26.55,1,0,0,1,1
253,3,0,30.0,16.1,0,0,0,1,2
254,3,1,41.0,20.2125,0,2,0,1,3
255,3,1,29.0,15.2458,0,2,0,0,3
256,1,1,38.233440860215055,79.2,0,2,0,0,1
257,1,1,30.0,86.5,1,1,0,1,1
258,1,1,35.0,512.3292,0,1,0,0,1
259,2,1,50.0,26.0,0,2,0,1,2
260,3,0,25.14061971830986,7.75,0,0,1,0,1
261,3,0,3.0,31.3875,0,0,0,1,7
262,1,0,52.0,79.65,1,0,0,1,3
263,1,0,40.0,0.0,1,0,0,1,1
264,3,1,25.14061971830986,7.75,0,1,1,0,1
265,2,0,36.0,10.5,0,0,0,1,1
266,3,0,16.0,39.6875,0,0,0,1,6
267,3,0,25.0,7.775,0,0,0,1,2
268,1,1,58.0,153.4625,1,2,0,1,2
269,1,1,35.0,135.6333,1,1,0,1,1
270,1,0,38.233440860215055,31.0,0,0,0,1,1
271,3,0,25.0,0.0,0,0,0,1,1
272,2,1,41.0,19.5,0,2,0,1,2
273,1,0,37.0,29.7,1,0,0,0,2
274,3,1,25.14061971830986,7.75,0,1,1,0,1
275,1,1,63.0,77.9583,1,1,0,1,2
276,3,1,45.0,7.75,0,1,0,1,1
277,2,0,29.87763005780347,0.0,0,0,0,1,1
278,3,0,7.0,29.125,0,0,1,0,6
279,3,1,35.0,20.25,0,2,0,1,3
280,3,0,65.0,7.75,0,0,1,0,1
281,3,0,28.0,7.8542,0,0,0,1,1
282,3,0,16.0,9.5,0,0,0,1,1
283,3,0,19.0,8.05,0,0,0,1,1
284,1,0,38.233440860215055,26.0,1,0,0,1,1
285,3,0,33.0,8.6625,0,0,0,0,1
286,3,0,30.0,9.5,0,0,0,1,1
287,3,0,22.0,7.8958,0,0,0,1,1
288,2,0,42.0,13.0,0,0,0,1,1
289,3,1,22.0,7.75,0,1,1,0,1
290,1,1,26.0,78.85,0,1,0,1,1
291,1,1,19.0,91.0792,1,2,0,0,2
292,2,0,36.0,12.875,1,0,0,0,1
293,3,1,24.0,8.85,0,1,0,1,1
294,3,0,24.0,7.8958,0,0,0,1,1
295,1,0,38.233440860215055,27.7208,0,0,0,0,1
296,3,0,23.5,7.2292,0,0,0,0,1
297,1,1,2.0,151.55,1,1,0,1,4
298,1,0,38.233440860215055,30.5,1,0,0,1,1
299,1,1,50.0,247.5208,1,2,0,0,2
300,3,1,25.14061971830986,7.75,0,1,1,0,1
301,3,0,25.14061971830986,23.25,0,0,1,0,3
302,3,0,19.0,0.0,0,0,0,1,1
303,2,1,29.87763005780347,12.35,1,1,1,0,1
304,3,0,25.14061971830986,8.05,0,0,0,1,1
305,1,0,0.92,151.55,1,0,0,1,4
306,1,1,38.233440860215055,110.8833,0,1,0,0,1
307,1,1,17.0,108.9,1,2,0,0,2
308,2,0,30.0,24.0,0,0,0,0,2
309,1,1,30.0,56.9292,1,1,0,0,1
310,1,1,24.0,83.1583,1,1,0,0,1
311,1,1,18.0,262.375,1,1,0,0,5
312,2,1,26.0,26.0,0,2,0,1,3
313,3,0,28.0,7.8958,0,0,0,1,1
314,2,0,43.0,26.25,0,0,0,1,3
315,3,1,26.0,7.8542,0,1,0,1,1
316,2,1,24.0,26.0,0,2,0,1,2
317,2,0,54.0,14.0,0,3,0,1,1
318,1,1,31.0,164.8667,1,1,0,1,3
319,1,1,40.0,134.5,1,2,0,0,3
320,3,0,22.0,7.25,0,0,0,1,1
321,3,0,27.0,7.8958,0,0,0,1,1
322,2,1,30.0,12.35,0,1,1,0,1
323,2,1,22.0,29.0,0,2,0,1,3
324,3,0,25.14061971830986,69.55,0,0,0,1,11
325,1,1,36.0,135.6333,1,1,0,0,1
326,3,0,61.0,6.2375,0,0,0,1,1
327,2,1,36.0,13.0,1,2,0,1,1
328,3,1,31.0,20.525,0,2,0,1,3
329,1,1,16.0,57.9792,1,1,0,0,2
330,3,1,25.14061971830986,23.25,0,1,1,0,3
331,1,0,45.5,28.5,1,0,0,1,1
332,1,0,38.0,153.4625,1,0,0,1,2
333,3,0,16.0,18.0,0,0,0,1,3
334,1,1,38.233440860215055,133.65,0,2,0,1,2
335,3,0,25.14061971830986,7.8958,0,0,0,1,1
336,1,0,29.0,66.6,1,0,0,1,2
337,1,1,41.0,134.5,1,1,0,0,1
338,3,0,45.0,8.05,0,0,0,1,1
339,1,0,45.0,35.5,1,0,0,1,1
340,2,0,2.0,26.0,1,0,0,1,3
341,1,1,24.0,263.0,1,1,0,1,6
342,2,0,28.0,13.0,0,0,0,1,1
343,2,0,25.0,13.0,0,0,0,1,1
344,2,0,36.0,13.0,0,0,0,1,1
345,2,1,24.0,13.0,1,1,0,1,1
346,2,1,40.0,13.0,0,1,0,1,1
347,3,1,25.14061971830986,16.1,0,2,0,1,2
348,3,0,3.0,15.9,0,0,0,1,3
349,3,0,42.0,8.6625,0,0,0,1,1
350,3,0,23.0,9.225,0,0,0,1,1
351,1,0,38.233440860215055,35.0,1,0,0,1,1
352,3,0,15.0,7.2292,0,0,0,0,3
353,3,0,25.0,17.8,0,0,0,1,2
354,3,0,25.14061971830986,7.225,0,0,0,0,1
355,3,0,28.0,9.5,0,0,0,1,1
356,1,1,22.0,55.0,1,1,0,1,2
357,2,1,38.0,13.0,0,1,0,1,1
358,3,1,25.14061971830986,7.8792,0,1,1,0,1
359,3,1,25.14061971830986,7.8792,0,1,1,0,1
360,3,0,40.0,27.9,0,0,0,1,6
361,2,0,29.0,27.7208,0,0,0,0,2
362,3,1,45.0,14.4542,0,2,0,0,2
363,3,0,35.0,7.05,0,0,0,1,1
364,3,0,25.14061971830986,15.5,0,0,1,0,2
365,3,0,30.0,7.25,0,0,0,1,1
366,1,1,60.0,75.25,1,2,0,0,2
367,3,1,25.14061971830986,7.2292,0,2,0,0,1
368,3,1,25.14061971830986,7.75,0,1,1,0,1
369,1,1,24.0,69.3,1,2,0,0,1
370,1,0,25.0,55.4417,1,0,0,0,2
371,3,0,18.0,6.4958,0,0,0,1,2
372,3,0,19.0,8.05,0,0,0,1,1
373,1,0,22.0,135.6333,0,0,0,0,1
374,3,1,3.0,21.075,0,1,0,1,5
375,1,1,38.233440860215055,82.1708,0,2,0,0,2
376,3,1,22.0,7.25,0,1,0,1,1
377,1,0,27.0,211.5,1,0,0,0,3
378,3,0,20.0,4.0125,0,0,0,0,1
379,3,0,19.0,7.775,0,0,0,1,1
380,1,1,42.0,227.525,0,1,0,0,1
381,3,1,1.0,15.7417,0,1,0,0,3
382,3,0,32.0,7.925,0,0,0,1,1
383,1,1,35.0,52.0,0,2,0,1,2
384,3,0,25.14061971830986,7.8958,0,0,0,1,1
385,2,0,18.0,73.5,0,0,0,1,1
386,3,0,1.0,46.9,0,0,0,1,8
387,2,1,36.0,13.0,0,1,0,1,1
388,3,0,25.14061971830986,7.7292,0,0,1,0,1
389,2,1,17.0,12.0,0,1,0,0,1
390,1,0,36.0,120.0,1,0,0,1,4
391,3,0,21.0,7.7958,0,0,0,1,1
392,3,0,28.0,7.925,0,0,0,1,3
393,1,1,23.0,113.275,1,1,0,0,2
394,3,1,24.0,16.7,1,2,0,1,3
395,3,0,22.0,7.7958,0,0,0,1,1
396,3,1,31.0,7.8542,0,1,0,1,1
397,2,0,46.0,26.0,0,0,0,1,1
398,2,0,23.0,10.5,0,3,0,1,1
399,2,1,28.0,12.65,0,2,0,1,1
400,3,0,39.0,7.925,0,0,0,1,1
401,3,0,26.0,8.05,0,0,0,1,1
402,3,1,21.0,9.825,0,1,0,1,2
403,3,0,28.0,15.85,0,0,0,1,2
404,3,1,20.0,8.6625,0,1,0,1,1
405,2,0,34.0,21.0,0,0,0,1,2
406,3,0,51.0,7.75,0,0,0,1,1
407,2,0,3.0,18.75,0,0,0,1,3
408,3,0,21.0,7.775,0,0,0,1,1
409,3,1,25.14061971830986,25.4667,0,1,0,1,5
410,3,0,25.14061971830986,7.8958,0,0,0,1,1
411,3,0,25.14061971830986,6.8583,0,0,1,0,1
412,1,1,33.0,90.0,1,1,1,0,2
413,2,0,29.87763005780347,0.0,0,0,0,1,1
414,3,0,44.0,7.925,0,0,0,1,1
415,3,1,25.14061971830986,8.05,0,2,0,1,1
416,2,1,34.0,32.5,0,2,0,1,3
417,2,1,18.0,13.0,0,1,0,1,3
418,2,0,30.0,13.0,0,0,0,1,1
419,3,1,10.0,24.15,0,1,0,1,3
420,3,0,25.14061971830986,7.8958,0,0,0,0,1
421,3,0,21.0,7.7333,0,0,1,0,1
422,3,0,29.0,7.875,0,0,0,1,1
423,3,1,28.0,14.4,0,2,0,1,3
424,3,0,18.0,20.2125,0,0,0,1,3
425,3,0,25.14061971830986,7.25,0,0,0,1,1
426,2,1,28.0,26.0,0,2,0,1,2
427,2,1,19.0,26.0,0,1,0,1,1
428,3,0,25.14061971830986,7.75,0,0,1,0,1
429,3,0,32.0,8.05,1,0,0,1,1
430,1,0,28.0,26.55,1,0,0,1,1
431,3,1,25.14061971830986,16.1,0,2,0,1,2
432,2,1,42.0,26.0,0,2,0,1,2
433,3,0,17.0,7.125,0,0,0,1,1
434,1,0,50.0,55.9,1,0,0,1,2
435,1,1,14.0,120.0,1,1,0,1,4
436,3,1,21.0,34.375,0,1,0,1,5
437,2,1,24.0,18.75,0,2,0,1,6
438,1,0,64.0,263.0,1,0,0,1,6
439,2,0,31.0,10.5,0,0,0,1,1
440,2,1,45.0,26.25,0,2,0,1,3
441,3,0,20.0,9.5,0,0,0,1,1
442,3,0,25.0,7.775,0,0,0,1,2
443,2,1,28.0,13.0,0,1,0,1,1
444,3,0,25.14061971830986,8.1125,0,0,0,1,1
445,1,0,4.0,81.8583,1,0,0,1,3
446,2,1,13.0,19.5,0,1,0,1,2
447,1,0,34.0,26.55,0,0,0,1,1
448,3,1,5.0,19.2583,0,1,0,0,4
449,1,0,52.0,30.5,1,3,0,1,1
450,2,0,36.0,27.75,0,0,0,1,4
451,3,0,25.14061971830986,19.9667,0,0,0,1,2
452,1,0,30.0,27.75,1,0,0,0,1
453,1,0,49.0,89.1042,1,0,0,0,2
454,3,0,25.14061971830986,8.05,0,0,0,1,1
455,3,0,29.0,7.8958,0,0,0,0,1
456,1,0,65.0,26.55,1,0,0,1,1
457,1,1,38.233440860215055,51.8625,1,2,0,1,2
458,2,1,50.0,10.5,0,1,0,1,1
459,3,0,25.14061971830986,7.75,0,0,1,0,1
460,1,0,48.0,26.55,1,0,0,1,1
461,3,0,34.0,8.05,0,0,0,1,1
462,1,0,47.0,38.5,1,0,0,1,1
463,2,0,48.0,13.0,0,0,0,1,1
464,3,0,25.14061971830986,8.05,0,0,0,1,1
465,3,0,38.0,7.05,0,0,0,1,1
466,2,0,29.87763005780347,0.0,0,0,0,1,1
467,1,0,56.0,26.55,0,0,0,1,1
468,3,0,25.14061971830986,7.725,0,0,1,0,1
469,3,1,0.75,19.2583,0,1,0,0,4
470,3,0,25.14061971830986,7.25,0,0,0,1,1
471,3,0,38.0,8.6625,0,0,0,1,1
472,2,1,33.0,27.75,0,2,0,1,4
473,2,1,23.0,13.7917,1,2,0,0,1
474,3,1,22.0,9.8375,0,1,0,1,1
475,1,0,38.233440860215055,52.0,1,0,0,1,1
476,2,0,34.0,21.0,0,0,0,1,2
477,3,0,29.0,7.0458,0,0,0,1,2
478,3,0,22.0,7.5208,0,0,0,1,1
479,3,1,2.0,12.2875,0,1,0,1,2
480,3,0,9.0,46.9,0,0,0,1,8
481,2,0,29.87763005780347,0.0,0,0,0,1,1
482,3,0,50.0,8.05,0,0,0,1,1
483,3,1,63.0,9.5875,0,2,0,1,1
484,1,0,25.0,91.0792,1,0,0,0,2
485,3,1,25.14061971830986,25.4667,0,1,0,1,5
486,1,1,35.0,90.0,1,2,0,1,2
487,1,0,58.0,29.7,1,0,0,0,1
488,3,0,30.0,8.05,0,0,0,1,1
489,3,0,9.0,15.9,0,0,0,1,3
490,3,0,25.14061971830986,19.9667,0,0,0,1,2
491,3,0,21.0,7.25,0,0,0,1,1
492,1,0,55.0,30.5,1,0,0,1,1
493,1,0,71.0,49.5042,0,0,0,0,1
494,3,0,21.0,8.05,0,0,0,1,1
495,3,0,25.14061971830986,14.4583,0,0,0,0,1
496,1,1,54.0,78.2667,1,1,0,0,2
497,3,0,25.14061971830986,15.1,0,0,0,1,1
498,1,1,25.0,151.55,1,2,0,1,4
499,3,0,24.0,7.7958,0,0,0,1,1
500,3,0,17.0,8.6625,0,0,0,1,1
501,3,1,21.0,7.75,0,1,1,0,1
502,3,1,25.14061971830986,7.6292,0,1,1,0,1
503,3,1,37.0,9.5875,0,1,0,1,1
504,1,1,16.0,86.5,1,1,0,1,1
505,1,0,18.0,108.9,1,0,0,0,2
506,2,1,33.0,26.0,0,2,0,1,3
507,1,0,38.233440860215055,26.55,0,0,0,1,1
508,3,0,28.0,22.525,0,0,0,1,1
509,3,0,26.0,56.4958,0,0,0,1,1
510,3,0,29.0,7.75,0,0,1,0,1
511,3,0,25.14061971830986,8.05,0,0,0,1,1
512,1,0,36.0,26.2875,1,0,0,1,1
513,1,1,54.0,59.4,0,2,0,0,2
514,3,0,24.0,7.4958,0,0,0,1,1
515,1,0,47.0,34.0208,1,0,0,1,1
516,2,1,34.0,10.5,1,2,0,1,1
517,3,0,25.14061971830986,24.15,0,0,1,0,1
518,2,1,36.0,26.0,0,2,0,1,2
519,3,0,32.0,7.8958,0,0,0,1,1
520,1,1,30.0,93.5,1,1,0,1,1
521,3,0,22.0,7.8958,0,0,0,1,1
522,3,0,25.14061971830986,7.225,0,0,0,0,1
523,1,1,44.0,57.9792,1,2,0,0,2
524,3,0,25.14061971830986,7.2292,0,0,0,0,1
525,3,0,40.5,7.75,0,0,1,0,1
526,2,1,50.0,10.5,0,1,0,1,1
527,1,0,38.233440860215055,221.7792,1,0,0,1,1
528,3,0,39.0,7.925,0,0,0,1,1
529,2,0,23.0,11.5,0,0,0,1,4
530,2,1,2.0,26.0,0,1,0,1,3
531,3,0,25.14061971830986,7.2292,0,0,0,0,1
532,3,0,17.0,7.2292,0,0,0,0,3
533,3,1,25.14061971830986,22.3583,0,2,0,0,3
534,3,1,30.0,8.6625,0,1,0,1,1
535,2,1,7.0,26.25,0,1,0,1,3
536,1,0,45.0,26.55,1,3,0,1,1
537,1,1,30.0,106.425,0,1,0,0,1
538,3,0,25.14061971830986,14.5,0,0,0,1,1
539,1,1,22.0,49.5,1,1,0,0,3
540,1,1,36.0,71.0,1,1,0,1,3
541,3,1,9.0,31.275,0,1,0,1,7
542,3,1,11.0,31.275,0,1,0,1,7
543,2,0,32.0,26.0,0,0,0,1,2
544,1,0,50.0,106.425,1,0,0,0,2
545,1,0,64.0,26.0,0,0,0,1,1
546,2,1,19.0,26.0,0,2,0,1,2
547,2,0,29.87763005780347,13.8625,0,0,0,0,1
548,3,0,33.0,20.525,0,0,0,1,3
549,2,0,8.0,36.75,0,0,0,1,3
550,1,0,17.0,110.8833,1,0,0,0,3
551,2,0,27.0,26.0,0,0,0,1,1
552,3,0,25.14061971830986,7.8292,0,0,1,0,1
553,3,0,22.0,7.225,0,0,0,0,1
554,3,1,22.0,7.775,0,1,0,1,1
555,1,0,62.0,26.55,0,0,0,1,1
556,1,1,48.0,39.6,1,3,0,0,2
557,1,0,38.233440860215055,227.525,0,0,0,0,1
558,1,1,39.0,79.65,1,2,0,1,3
559,3,1,36.0,17.4,0,2,0,1,2
560,3,0,25.14061971830986,7.75,0,0,1,0,1
561,3,0,40.0,7.8958,0,0,0,1,1
562,2,0,28.0,13.5,0,0,0,1,1
563,3,0,25.14061971830986,8.05,0,0,0,1,1
564,3,1,25.14061971830986,8.05,0,1,0,1,1
565,3,0,24.0,24.15,0,0,0,1,3
566,3,0,19.0,7.8958,0,0,0,1,1
567,3,1,29.0,21.075,0,2,0,1,5
568,3,0,25.14061971830986,7.2292,0,0,0,0,1
569,3,0,32.0,7.8542,0,0,0,1,1
570,2,0,62.0,10.5,0,0,0,1,1
571,1,1,53.0,51.4792,1,2,0,1,3
572,1,0,36.0,26.3875,1,0,0,1,1
573,3,1,25.14061971830986,7.75,0,1,1,0,1
574,3,0,16.0,8.05,0,0,0,1,1
575,3,0,19.0,14.5,0,0,0,1,1
576,2,1,34.0,13.0,0,1,0,1,1
577,1,1,39.0,55.9,1,2,0,1,2
578,3,1,25.14061971830986,14.4583,0,2,0,0,2
579,3,0,32.0,7.925,0,0,0,1,1
580,2,1,25.0,30.0,0,1,0,1,3
581,1,1,39.0,110.8833,1,2,0,0,3
582,2,0,54.0,26.0,0,0,0,1,1
583,1,0,36.0,40.125,1,0,0,0,1
584,3,0,25.14061971830986,8.7125,0,0,0,0,1
585,1,1,18.0,79.65,1,1,0,1,3
586,2,0,47.0,15.0,0,0,0,1,1
587,1,0,60.0,79.2,1,0,0,0,3
588,3,0,22.0,8.05,0,0,0,1,1
589,3,0,25.14061971830986,8.05,0,0,0,1,1
590,3,0,35.0,7.125,0,0,0,1,1
591,1,1,52.0,78.2667,1,2,0,0,2
592,3,0,47.0,7.25,0,0,0,1,1
593,3,1,25.14061971830986,7.75,0,1,1,0,3
594,2,0,37.0,26.0,0,0,0,1,2
595,3,0,36.0,24.15,0,0,0,1,3
596,2,1,29.87763005780347,33.0,0,1,0,1,1
597,3,0,49.0,0.0,0,0,0,1,1
598,3,0,25.14061971830986,7.225,0,0,0,0,1
599,1,0,49.0,56.9292,1,3,0,0,2
600,2,1,24.0,27.0,0,2,0,1,4
601,3,0,25.14061971830986,7.8958,0,0,0,1,1
602,1,0,38.233440860215055,42.4,0,0,0,1,1
603,3,0,44.0,8.05,0,0,0,1,1
604,1,0,35.0,26.55,0,0,0,0,1
605,3,0,36.0,15.55,0,0,0,1,2
606,3,0,30.0,7.8958,0,0,0,1,1
607,1,0,27.0,30.5,0,0,0,1,1
608,2,1,22.0,41.5792,0,2,0,0,4
609,1,1,40.0,153.4625,1,1,0,1,1
610,3,1,39.0,31.275,0,2,0,1,7
611,3,0,25.14061971830986,7.05,0,0,0,1,1
612,3,1,25.14061971830986,15.5,0,1,1,0,2
613,3,0,25.14061971830986,7.75,0,0,1,0,1
614,3,0,35.0,8.05,0,0,0,1,1
615,2,1,24.0,65.0,0,1,0,1,4
616,3,0,34.0,14.4,0,0,0,1,3
617,3,1,26.0,16.1,0,2,0,1,2
618,2,1,4.0,39.0,1,1,0,1,4
619,2,0,26.0,10.5,0,0,0,1,1
620,3,0,27.0,14.4542,0,0,0,0,2
621,1,0,42.0,52.5542,1,0,0,1,2
622,3,0,20.0,15.7417,0,0,0,0,3
623,3,0,21.0,7.8542,0,0,0,1,1
624,3,0,21.0,16.1,0,0,0,1,1
625,1,0,61.0,32.3208,1,0,0,1,1
626,2,0,57.0,12.35,0,3,1,0,1
627,1,1,21.0,77.9583,1,1,0,1,1
628,3,0,26.0,7.8958,0,0,0,1,1
629,3,0,25.14061971830986,7.7333,0,0,1,0,1
630,1,0,80.0,30.0,1,0,0,1,1
631,3,0,51.0,7.0542,0,0,0,1,1
632,1,0,32.0,30.5,1,3,0,0,1
633,1,0,38.233440860215055,0.0,0,0,0,1,1
634,3,1,9.0,27.9,0,1,0,1,6
635,2,1,28.0,13.0,0,1,0,1,1
636,3,0,32.0,7.925,0,0,0,1,1
637,2,0,31.0,26.25,0,0,0,1,3
638,3,1,41.0,39.6875,0,2,0,1,6
639,3,0,25.14061971830986,16.1,0,0,0,1,2
640,3,0,20.0,7.8542,0,0,0,1,1
641,1,1,24.0,69.3,1,1,0,0,1
642,3,1,2.0,27.9,0,1,0,1,6
643,3,0,25.14061971830986,56.4958,0,0,0,1,1
644,3,1,0.75,19.2583,0,1,0,0,4
645,1,0,48.0,76.7292,1,0,0,0,2
646,3,0,19.0,7.8958,0,0,0,1,1
647,1,0,56.0,35.5,1,3,0,0,1
648,3,0,25.14061971830986,7.55,0,0,0,1,1
649,3,1,23.0,7.55,0,1,0,1,1
650,3,0,25.14061971830986,7.8958,0,0,0,1,1
651,2,1,18.0,23.0,0,1,0,1,2
652,3,0,21.0,8.4333,0,0,0,1,1
653,3,1,25.14061971830986,7.8292,0,1,1,0,1
654,3,1,18.0,6.75,0,1,1,0,1
655,2,0,24.0,73.5,0,0,0,1,3
656,3,0,25.14061971830986,7.8958,0,0,0,1,1
657,3,1,32.0,15.5,0,2,1,0,3
658,2,0,23.0,13.0,0,0,0,1,1
659,1,0,58.0,113.275,1,0,0,0,3
660,1,0,50.0,133.65,0,3,0,1,3
661,3,0,40.0,7.225,0,0,0,0,1
662,1,0,47.0,25.5875,1,0,0,1,1
663,3,0,36.0,7.4958,0,0,0,1,1
664,3,0,20.0,7.925,0,0,0,1,2
665,2,0,32.0,73.5,0,0,0,1,3
666,2,0,25.0,13.0,0,0,0,1,1
667,3,0,25.14061971830986,7.775,0,0,0,1,1
668,3,0,43.0,8.05,0,0,0,1,1
669,1,1,38.233440860215055,52.0,1,2,0,1,2
670,2,1,40.0,39.0,0,2,0,1,3
671,1,0,31.0,52.0,1,0,0,1,2
672,2,0,70.0,10.5,0,0,0,1,1
673,2,0,31.0,13.0,0,0,0,1,1
674,2,0,29.87763005780347,0.0,0,0,0,1,1
675,3,0,18.0,7.775,0,0,0,1,1
676,3,0,24.5,8.05,0,0,0,1,1
677,3,1,18.0,9.8417,0,1,0,1,1
678,3,1,43.0,46.9,0,2,0,1,8
679,1,0,36.0,512.3292,1,0,0,0,2
680,3,1,25.14061971830986,8.1375,0,1,1,0,1
681,1,0,27.0,76.7292,1,0,0,0,1
682,3,0,20.0,9.225,0,0,0,1,1
683,3,0,14.0,46.9,0,0,0,1,8
684,2,0,60.0,39.0,0,0,0,1,3
685,2,0,25.0,41.5792,0,0,0,0,4
686,3,0,14.0,39.6875,0,0,0,1,6
687,3,0,19.0,10.1708,0,0,0,1,1
688,3,0,18.0,7.7958,0,0,0,1,1
689,1,1,15.0,211.3375,1,1,0,1,2
690,1,0,31.0,57.0,1,0,0,1,2
691,3,1,4.0,13.4167,0,1,0,0,2
692,3,0,25.14061971830986,56.4958,0,0,0,1,1
693,3,0,25.0,7.225,0,0,0,0,1
694,1,0,60.0,26.55,0,3,0,1,1
695,2,0,52.0,13.5,0,0,0,1,1
696,3,0,44.0,8.05,0,0,0,1,1
697,3,1,25.14061971830986,7.7333,0,1,1,0,1
698,1,0,49.0,110.8833,1,0,0,0,3
699,3,0,42.0,7.65,1,0,0,1,1
700,1,1,18.0,227.525,1,2,0,0,2
701,1,0,35.0,26.2875,1,0,0,1,1
702,3,1,18.0,14.4542,0,1,0,0,2
703,3,0,25.0,7.7417,0,0,1,0,1
704,3,0,26.0,7.8542,0,0,0,1,2
705,2,0,39.0,26.0,0,0,0,1,1
706,2,1,45.0,13.5,0,2,0,1,1
707,1,0,42.0,26.2875,1,0,0,1,1
708,1,1,22.0,151.55,0,1,0,1,1
709,3,0,25.14061971830986,15.2458,0,0,0,0,3
710,1,1,24.0,49.5042,1,1,0,0,1
711,1,0,38.233440860215055,26.55,1,0,0,1,1
712,1,0,48.0,52.0,1,0,0,1,2
713,3,0,29.0,9.4833,0,0,0,1,1
714,2,0,52.0,13.0,0,0,0,1,1
715,3,0,19.0,7.65,1,0,0,1,1
716,1,1,38.0,227.525,1,1,0,0,1
717,2,1,27.0,10.5,1,1,0,1,1
718,3,0,25.14061971830986,15.5,0,0,1,0,1
719,3,0,33.0,7.775,0,0,0,1,1
720,2,1,6.0,33.0,0,1,0,1,2
721,3,0,17.0,7.0542,0,0,0,1,2
722,2,0,34.0,13.0,0,0,0,1,1
723,2,0,50.0,13.0,0,0,0,1,1
724,1,0,27.0,53.1,1,0,0,1,2
725,3,0,20.0,8.6625,0,0,0,1,1
726,2,1,30.0,21.0,0,2,0,1,4
727,3,1,25.14061971830986,7.7375,0,1,1,0,1
728,2,0,25.0,26.0,0,0,0,1,2
729,3,1,25.0,7.925,0,1,0,1,2
730,1,1,29.0,211.3375,1,1,0,1,1
731,3,0,11.0,18.7875,0,0,0,0,1
732,2,0,29.87763005780347,0.0,0,0,0,1,1
733,2,0,23.0,13.0,0,0,0,1,1
734,2,0,23.0,13.0,0,0,0,1,1
735,3,0,28.5,16.1,0,0,0,1,1
736,3,1,48.0,34.375,0,2,0,1,5
737,1,0,35.0,512.3292,1,0,0,0,1
738,3,0,25.14061971830986,7.8958,0,0,0,1,1
739,3,0,25.14061971830986,7.8958,0,0,0,1,1
740,1,0,38.233440860215055,30.0,1,0,0,1,1
741,1,0,36.0,78.85,1,0,0,1,2
742,1,1,21.0,262.375,1,1,0,0,5
743,3,0,24.0,16.1,0,0,0,1,2
744,3,0,31.0,7.925,0,0,0,1,1
745,1,0,70.0,71.0,1,3,0,1,3
746,3,0,16.0,20.25,0,0,0,1,3
747,2,1,30.0,13.0,0,1,0,1,1
748,1,0,19.0,53.1,1,0,0,1,2
749,3,0,31.0,7.75,0,0,1,0,1
750,2,1,4.0,23.0,0,1,0,1,3
751,3,0,6.0,12.475,1,0,0,1,2
752,3,0,33.0,9.5,0,0,0,1,1
753,3,0,23.0,7.8958,0,0,0,1,1
754,2,1,48.0,65.0,0,2,0,1,4
755,2,0,0.67,14.5,0,0,0,1,3
756,3,0,28.0,7.7958,0,0,0,1,1
757,2,0,18.0,11.5,0,0,0,1,1
758,3,0,34.0,8.05,0,0,0,1,1
759,1,1,33.0,86.5,1,3,0,1,1
760,3,0,25.14061971830986,14.5,0,0,0,1,1
761,3,0,41.0,7.125,0,0,0,1,1
762,3,0,20.0,7.2292,0,0,0,0,1
763,1,1,36.0,120.0,1,2,0,1,4
764,3,0,16.0,7.775,0,0,0,1,1
765,1,1,51.0,77.9583,1,2,0,1,2
766,1,0,38.233440860215055,39.6,0,3,0,0,1
767,3,1,30.5,7.75,0,1,1,0,1
768,3,0,25.14061971830986,24.15,0,0,1,0,2
769,3,0,32.0,8.3625,0,0,0,1,1
770,3,0,24.0,9.5,0,0,0,1,1
771,3,0,48.0,7.8542,0,0,0,1,1
772,2,1,57.0,10.5,1,2,0,1,1
773,3,0,25.14061971830986,7.225,0,0,0,0,1
774,2,1,54.0,23.0,0,2,0,1,5
775,3,0,18.0,7.75,0,0,0,1,1
776,3,0,25.14061971830986,7.75,1,0,1,0,1
777,3,1,5.0,12.475,0,1,0,1,1
778,3,0,25.14061971830986,7.7375,0,0,1,0,1
779,1,1,43.0,211.3375,1,2,0,1,2
780,3,1,13.0,7.2292,0,1,0,0,1
781,1,1,17.0,57.0,1,2,0,1,2
782,1,0,29.0,30.0,1,0,0,1,1
783,3,0,25.14061971830986,23.45,0,0,0,1,4
784,3,0,25.0,7.05,0,0,0,1,1
785,3,0,25.0,7.25,0,0,0,1,1
786,3,1,18.0,7.4958,0,1,0,1,1
787,3,0,8.0,29.125,0,0,1,0,6
788,3,0,1.0,20.575,0,0,0,1,4
789,1,0,46.0,79.2,1,0,0,0,1
790,3,0,25.14061971830986,7.75,0,0,1,0,1
791,2,0,16.0,26.0,0,0,0,1,1
792,3,1,25.14061971830986,69.55,0,1,0,1,11
793,1,0,38.233440860215055,30.6958,0,0,0,0,1
794,3,0,25.0,7.8958,0,0,0,1,1
795,2,0,39.0,13.0,0,0,0,1,1
796,1,1,49.0,25.9292,1,3,0,1,1
797,3,1,31.0,8.6833,0,2,0,1,1
798,3,0,30.0,7.2292,0,0,0,0,1
799,3,1,30.0,24.15,0,2,0,1,3
800,2,0,34.0,13.0,0,0,0,1,1
801,2,1,31.0,26.25,0,2,0,1,3
802,1,0,11.0,120.0,1,0,0,1,4
803,3,0,0.42,8.5167,0,0,0,0,2
804,3,0,27.0,6.975,0,0,0,1,1
805,3,0,31.0,7.775,0,0,0,1,1
806,1,0,39.0,0.0,1,0,0,1,1
807,3,1,18.0,7.775,0,1,0,1,1
808,2,0,39.0,13.0,0,0,0,1,1
809,1,1,33.0,53.1,1,2,0,1,2
810,3,0,26.0,7.8875,0,0,0,1,1
811,3,0,39.0,24.15,0,0,0,1,1
812,2,0,35.0,10.5,0,0,0,1,1
813,3,1,6.0,31.275,0,1,0,1,7
814,3,0,30.5,8.05,0,0,0,1,1
815,1,0,38.233440860215055,0.0,1,0,0,1,1
816,3,1,23.0,7.925,0,1,0,1,1
817,2,0,31.0,37.0042,0,0,0,0,3
818,3,0,43.0,6.45,0,0,0,1,1
819,3,0,10.0,27.9,0,0,0,1,6
820,1,1,52.0,93.5,1,2,0,1,3
821,3,0,27.0,8.6625,0,0,0,1,1
822,1,0,38.0,0.0,0,3,0,1,1
823,3,1,27.0,12.475,1,2,0,1,2
824,3,0,2.0,39.6875,0,0,0,1,6
825,3,0,25.14061971830986,6.95,0,0,1,0,1
826,3,0,25.14061971830986,56.4958,0,0,0,1,1
827,2,0,1.0,37.0042,0,0,0,0,3
828,3,0,25.14061971830986,7.75,0,0,1,0,1
829,1,1,62.0,80.0,1,2,0,0,1
830,3,1,15.0,14.4542,0,2,0,0,2
831,2,0,0.83,18.75,0,0,0,1,3
832,3,0,25.14061971830986,7.2292,0,0,0,0,1
833,3,0,23.0,7.8542,0,0,0,1,1
834,3,0,18.0,8.3,0,0,0,1,1
835,1,1,39.0,83.1583,1,1,0,0,3
836,3,0,21.0,8.6625,0,0,0,1,1
837,3,0,25.14061971830986,8.05,0,0,0,1,1
838,3,0,32.0,56.4958,0,0,0,1,1
839,1,0,38.233440860215055,29.7,1,0,0,0,1
840,3,0,20.0,7.925,0,0,0,1,1
841,2,0,16.0,10.5,0,0,0,1,1
842,1,1,30.0,31.0,0,1,0,0,1
843,3,0,34.5,6.4375,0,0,0,0,1
844,3,0,17.0,8.6625,0,0,0,1,1
845,3,0,42.0,7.55,0,0,0,1,1
846,3,0,25.14061971830986,69.55,0,0,0,1,11
847,3,0,35.0,7.8958,0,0,0,0,1
848,2,0,28.0,33.0,0,3,0,1,2
849,1,1,38.233440860215055,89.1042,1,2,0,0,2
850,3,0,4.0,31.275,0,0,0,1,7
851,3,0,74.0,7.775,0,0,0,1,1
852,3,1,9.0,15.2458,0,1,0,0,3
853,1,1,16.0,39.4,1,1,0,1,2
854,2,1,44.0,26.0,0,2,0,1,2
855,3,1,18.0,9.35,0,2,0,1,2
856,1,1,45.0,164.8667,0,2,0,1,3
857,1,0,51.0,26.55,1,0,0,1,1
858,3,1,24.0,19.2583,0,2,0,0,4
859,3,0,25.14061971830986,7.2292,0,0,0,0,1
860,3,0,41.0,14.1083,0,0,0,1,3
861,2,0,21.0,11.5,0,0,0,1,2
862,1,1,48.0,25.9292,1,2,0,1,1
863,3,1,25.14061971830986,69.55,0,1,0,1,11
864,2,0,24.0,13.0,0,0,0,1,1
865,2,1,42.0,13.0,0,2,0,1,1
866,2,1,27.0,13.8583,0,1,0,0,2
867,1,0,31.0,50.4958,1,0,0,1,1
868,3,0,25.14061971830986,9.5,0,0,0,1,1
869,3,0,4.0,11.1333,0,0,0,1,3
870,3,0,26.0,7.8958,0,0,0,1,1
871,1,1,47.0,52.5542,1,2,0,1,3
872,1,0,33.0,5.0,1,0,0,1,1
873,3,0,47.0,9.0,0,0,0,1,1
874,2,1,28.0,24.0,0,2,0,0,2
875,3,1,15.0,7.225,0,1,0,0,1
876,3,0,20.0,9.8458,0,0,0,1,1
877,3,0,19.0,7.8958,0,0,0,1,1
878,3,0,25.14061971830986,7.8958,0,0,0,1,1
879,1,1,56.0,83.1583,1,2,0,0,2
880,2,1,25.0,26.0,0,2,0,1,2
881,3,0,33.0,7.8958,0,0,0,1,1
882,3,1,22.0,10.5167,0,1,0,1,1
883,2,0,28.0,10.5,0,0,0,1,1
884,3,0,25.0,7.05,0,0,0,1,1
885,3,1,39.0,29.125,0,2,1,0,6
886,2,0,27.0,13.0,0,3,0,1,1
887,1,1,19.0,30.0,1,1,0,1,1
888,3,1,25.14061971830986,23.45,0,1,0,1,4
889,1,0,26.0,30.0,1,0,0,0,1
890,3,0,32.0,7.75,0,0,1,0,1
